onset	duration	trial_type	value	sample
10.02734375	1.0	Target	2	2567
10.18359375	1.0	NonTarget	1	2607
10.33984375	1.0	NonTarget	1	2647
10.49609375	1.0	NonTarget	1	2687
10.62109375	1.0	NonTarget	1	2719
10.77734375	1.0	NonTarget	1	2759
10.93359375	1.0	NonTarget	1	2799
11.08984375	1.0	NonTarget	1	2839
11.24609375	1.0	NonTarget	1	2879
11.40234375	1.0	NonTarget	1	2919
11.52734375	1.0	Target	2	2951
11.71484375	1.0	NonTarget	1	2999
11.83984375	1.0	NonTarget	1	3031
11.99609375	1.0	NonTarget	1	3071
12.15234375	1.0	NonTarget	1	3111
12.30859375	1.0	NonTarget	1	3151
12.43359375	1.0	Target	2	3183
12.58984375	1.0	NonTarget	1	3223
12.74609375	1.0	NonTarget	1	3263
12.90234375	1.0	Target	2	3303
13.05859375	1.0	NonTarget	1	3343
13.21484375	1.0	NonTarget	1	3383
13.33984375	1.0	NonTarget	1	3415
13.49609375	1.0	NonTarget	1	3455
13.65234375	1.0	NonTarget	1	3495
13.80859375	1.0	NonTarget	1	3535
13.96484375	1.0	NonTarget	1	3575
14.08984375	1.0	NonTarget	1	3607
14.27734375	1.0	Target	2	3655
14.40234375	1.0	NonTarget	1	3687
14.55859375	1.0	Target	2	3727
14.71484375	1.0	NonTarget	1	3767
14.87109375	1.0	NonTarget	1	3807
14.99609375	1.0	NonTarget	1	3839
15.15234375	1.0	NonTarget	1	3879
15.30859375	1.0	NonTarget	1	3919
15.46484375	1.0	NonTarget	1	3959
15.62109375	1.0	NonTarget	1	3999
15.74609375	1.0	NonTarget	1	4031
15.93359375	1.0	NonTarget	1	4079
16.05859375	1.0	Target	2	4111
16.21484375	1.0	NonTarget	1	4151
16.37109375	1.0	Target	2	4191
16.52734375	1.0	NonTarget	1	4231
16.65234375	1.0	NonTarget	1	4263
16.83984375	1.0	NonTarget	1	4311
16.96484375	1.0	NonTarget	1	4343
17.12109375	1.0	NonTarget	1	4383
17.27734375	1.0	NonTarget	1	4423
17.43359375	1.0	NonTarget	1	4463
17.55859375	1.0	NonTarget	1	4495
17.74609375	1.0	NonTarget	1	4543
17.87109375	1.0	NonTarget	1	4575
18.02734375	1.0	Target	2	4615
18.18359375	1.0	NonTarget	1	4655
18.33984375	1.0	NonTarget	1	4695
18.46484375	1.0	NonTarget	1	4727
18.62109375	1.0	Target	2	4767
18.77734375	1.0	NonTarget	1	4807
18.93359375	1.0	NonTarget	1	4847
19.08984375	1.0	Target	2	4887
19.24609375	1.0	NonTarget	1	4927
19.37109375	1.0	NonTarget	1	4959
19.52734375	1.0	NonTarget	1	4999
19.68359375	1.0	NonTarget	1	5039
19.83984375	1.0	NonTarget	1	5079
19.99609375	1.0	Target	2	5119
20.15234375	1.0	NonTarget	1	5159
20.27734375	1.0	NonTarget	1	5191
20.43359375	1.0	NonTarget	1	5231
20.58984375	1.0	NonTarget	1	5271
20.74609375	1.0	NonTarget	1	5311
20.90234375	1.0	NonTarget	1	5351
21.05859375	1.0	NonTarget	1	5391
21.18359375	1.0	Target	2	5423
21.33984375	1.0	NonTarget	1	5463
21.49609375	1.0	NonTarget	1	5503
21.65234375	1.0	NonTarget	1	5543
21.80859375	1.0	Target	2	5583
21.96484375	1.0	NonTarget	1	5623
22.08984375	1.0	NonTarget	1	5655
22.24609375	1.0	NonTarget	1	5695
22.40234375	1.0	NonTarget	1	5735
22.55859375	1.0	NonTarget	1	5775
22.71484375	1.0	Target	2	5815
22.87109375	1.0	NonTarget	1	5855
23.02734375	1.0	NonTarget	1	5895
23.15234375	1.0	NonTarget	1	5927
23.30859375	1.0	NonTarget	1	5967
23.46484375	1.0	NonTarget	1	6007
23.62109375	1.0	NonTarget	1	6047
23.74609375	1.0	NonTarget	1	6079
23.93359375	1.0	Target	2	6127
24.05859375	1.0	NonTarget	1	6159
24.21484375	1.0	NonTarget	1	6199
24.37109375	1.0	NonTarget	1	6239
24.52734375	1.0	Target	2	6279
24.68359375	1.0	NonTarget	1	6319
24.80859375	1.0	NonTarget	1	6351
24.96484375	1.0	NonTarget	1	6391
25.12109375	1.0	NonTarget	1	6431
25.27734375	1.0	NonTarget	1	6471
25.43359375	1.0	NonTarget	1	6511
25.58984375	1.0	NonTarget	1	6551
25.71484375	1.0	Target	2	6583
25.87109375	1.0	NonTarget	1	6623
26.02734375	1.0	NonTarget	1	6663
26.18359375	1.0	NonTarget	1	6703
26.33984375	1.0	NonTarget	1	6743
26.49609375	1.0	NonTarget	1	6783
26.62109375	1.0	NonTarget	1	6815
26.77734375	1.0	Target	2	6855
26.93359375	1.0	NonTarget	1	6895
27.08984375	1.0	NonTarget	1	6935
27.24609375	1.0	NonTarget	1	6975
27.37109375	1.0	NonTarget	1	7007
27.52734375	1.0	NonTarget	1	7047
27.68359375	1.0	Target	2	7087
27.83984375	1.0	NonTarget	1	7127
27.99609375	1.0	NonTarget	1	7167
28.15234375	1.0	NonTarget	1	7207
28.27734375	1.0	Target	2	7239
28.43359375	1.0	NonTarget	1	7279
28.58984375	1.0	NonTarget	1	7319
28.74609375	1.0	NonTarget	1	7359
28.90234375	1.0	NonTarget	1	7399
29.05859375	1.0	Target	2	7439
29.18359375	1.0	NonTarget	1	7471
29.33984375	1.0	NonTarget	1	7511
29.49609375	1.0	NonTarget	1	7551
29.65234375	1.0	NonTarget	1	7591
29.80859375	1.0	NonTarget	1	7631
29.96484375	1.0	NonTarget	1	7671
30.08984375	1.0	NonTarget	1	7703
30.24609375	1.0	NonTarget	1	7743
30.40234375	1.0	NonTarget	1	7783
30.55859375	1.0	NonTarget	1	7823
30.68359375	1.0	Target	2	7855
30.87109375	1.0	NonTarget	1	7903
30.99609375	1.0	Target	2	7935
31.15234375	1.0	NonTarget	1	7975
31.30859375	1.0	NonTarget	1	8015
31.46484375	1.0	NonTarget	1	8055
31.58984375	1.0	NonTarget	1	8087
31.77734375	1.0	NonTarget	1	8135
31.90234375	1.0	NonTarget	1	8167
32.05859375	1.0	NonTarget	1	8207
32.21484375	1.0	NonTarget	1	8247
32.37109375	1.0	NonTarget	1	8287
32.52734375	1.0	Target	2	8327
32.68359375	1.0	NonTarget	1	8367
32.80859375	1.0	NonTarget	1	8399
32.96484375	1.0	NonTarget	1	8439
33.12109375	1.0	Target	2	8479
33.27734375	1.0	NonTarget	1	8519
33.43359375	1.0	NonTarget	1	8559
33.58984375	1.0	Target	2	8599
33.71484375	1.0	NonTarget	1	8631
33.87109375	1.0	NonTarget	1	8671
34.02734375	1.0	NonTarget	1	8711
34.18359375	1.0	NonTarget	1	8751
34.33984375	1.0	NonTarget	1	8791
34.49609375	1.0	NonTarget	1	8831
34.62109375	1.0	NonTarget	1	8863
34.77734375	1.0	NonTarget	1	8903
34.93359375	1.0	NonTarget	1	8943
35.08984375	1.0	NonTarget	1	8983
35.24609375	1.0	Target	2	9023
35.40234375	1.0	NonTarget	1	9063
35.52734375	1.0	NonTarget	1	9095
35.68359375	1.0	NonTarget	1	9135
35.83984375	1.0	NonTarget	1	9175
35.99609375	1.0	Target	2	9215
36.15234375	1.0	NonTarget	1	9255
36.30859375	1.0	NonTarget	1	9295
36.43359375	1.0	NonTarget	1	9327
36.58984375	1.0	NonTarget	1	9367
36.74609375	1.0	Target	2	9407
36.90234375	1.0	NonTarget	1	9447
37.05859375	1.0	NonTarget	1	9487
37.18359375	1.0	NonTarget	1	9519
37.33984375	1.0	Target	2	9559
37.49609375	1.0	NonTarget	1	9599
37.65234375	1.0	NonTarget	1	9639
37.80859375	1.0	NonTarget	1	9679
37.96484375	1.0	NonTarget	1	9719
38.08984375	1.0	NonTarget	1	9751
38.24609375	1.0	NonTarget	1	9791
38.40234375	1.0	Target	2	9831
38.55859375	1.0	NonTarget	1	9871
38.71484375	1.0	NonTarget	1	9911
38.87109375	1.0	NonTarget	1	9951
38.99609375	1.0	NonTarget	1	9983
39.15234375	1.0	NonTarget	1	10023
39.30859375	1.0	NonTarget	1	10063
39.46484375	1.0	NonTarget	1	10103
39.62109375	1.0	NonTarget	1	10143
39.77734375	1.0	Target	2	10183
39.93359375	1.0	NonTarget	1	10223
50.05859375	1.0	NonTarget	1	12815
50.18359375	1.0	NonTarget	1	12847
50.33984375	1.0	NonTarget	1	12887
50.49609375	1.0	Target	2	12927
50.65234375	1.0	NonTarget	1	12967
50.77734375	1.0	NonTarget	1	12999
50.96484375	1.0	NonTarget	1	13047
51.08984375	1.0	NonTarget	1	13079
51.24609375	1.0	NonTarget	1	13119
51.40234375	1.0	NonTarget	1	13159
51.55859375	1.0	Target	2	13199
51.71484375	1.0	NonTarget	1	13239
51.83984375	1.0	NonTarget	1	13271
51.99609375	1.0	NonTarget	1	13311
52.15234375	1.0	NonTarget	1	13351
52.30859375	1.0	NonTarget	1	13391
52.46484375	1.0	NonTarget	1	13431
52.62109375	1.0	Target	2	13471
52.74609375	1.0	NonTarget	1	13503
52.93359375	1.0	NonTarget	1	13551
53.05859375	1.0	NonTarget	1	13583
53.21484375	1.0	NonTarget	1	13623
53.37109375	1.0	NonTarget	1	13663
53.52734375	1.0	Target	2	13703
53.65234375	1.0	NonTarget	1	13735
53.80859375	1.0	NonTarget	1	13775
53.96484375	1.0	NonTarget	1	13815
54.12109375	1.0	Target	2	13855
54.27734375	1.0	NonTarget	1	13895
54.43359375	1.0	NonTarget	1	13935
54.55859375	1.0	NonTarget	1	13967
54.71484375	1.0	NonTarget	1	14007
54.87109375	1.0	NonTarget	1	14047
55.02734375	1.0	NonTarget	1	14087
55.15234375	1.0	NonTarget	1	14119
55.33984375	1.0	Target	2	14167
55.46484375	1.0	NonTarget	1	14199
55.62109375	1.0	NonTarget	1	14239
55.77734375	1.0	NonTarget	1	14279
55.93359375	1.0	Target	2	14319
56.05859375	1.0	NonTarget	1	14351
56.24609375	1.0	NonTarget	1	14399
56.37109375	1.0	NonTarget	1	14431
56.52734375	1.0	NonTarget	1	14471
56.68359375	1.0	NonTarget	1	14511
56.83984375	1.0	NonTarget	1	14551
56.99609375	1.0	NonTarget	1	14591
57.12109375	1.0	Target	2	14623
57.27734375	1.0	NonTarget	1	14663
57.43359375	1.0	NonTarget	1	14703
57.58984375	1.0	NonTarget	1	14743
57.74609375	1.0	Target	2	14783
57.87109375	1.0	NonTarget	1	14815
58.05859375	1.0	NonTarget	1	14863
58.18359375	1.0	NonTarget	1	14895
58.33984375	1.0	NonTarget	1	14935
58.49609375	1.0	NonTarget	1	14975
58.65234375	1.0	NonTarget	1	15015
58.80859375	1.0	NonTarget	1	15055
58.93359375	1.0	Target	2	15087
59.08984375	1.0	NonTarget	1	15127
59.24609375	1.0	NonTarget	1	15167
59.40234375	1.0	NonTarget	1	15207
59.55859375	1.0	NonTarget	1	15247
59.71484375	1.0	NonTarget	1	15287
59.83984375	1.0	Target	2	15319
59.99609375	1.0	NonTarget	1	15359
60.15234375	1.0	NonTarget	1	15399
60.30859375	1.0	NonTarget	1	15439
60.43359375	1.0	NonTarget	1	15471
60.58984375	1.0	Target	2	15511
60.74609375	1.0	NonTarget	1	15551
60.90234375	1.0	NonTarget	1	15591
61.05859375	1.0	NonTarget	1	15631
61.21484375	1.0	NonTarget	1	15671
61.37109375	1.0	NonTarget	1	15711
61.49609375	1.0	NonTarget	1	15743
61.65234375	1.0	Target	2	15783
61.80859375	1.0	NonTarget	1	15823
61.96484375	1.0	Target	2	15863
62.12109375	1.0	NonTarget	1	15903
62.27734375	1.0	NonTarget	1	15943
62.40234375	1.0	NonTarget	1	15975
62.55859375	1.0	NonTarget	1	16015
62.71484375	1.0	NonTarget	1	16055
62.87109375	1.0	NonTarget	1	16095
63.02734375	1.0	NonTarget	1	16135
63.18359375	1.0	NonTarget	1	16175
63.30859375	1.0	Target	2	16207
63.49609375	1.0	NonTarget	1	16255
63.62109375	1.0	NonTarget	1	16287
63.77734375	1.0	NonTarget	1	16327
63.93359375	1.0	Target	2	16367
64.08984375	1.0	NonTarget	1	16407
64.21484375	1.0	NonTarget	1	16439
64.40234375	1.0	NonTarget	1	16487
64.52734375	1.0	NonTarget	1	16519
64.68359375	1.0	Target	2	16559
64.83984375	1.0	NonTarget	1	16599
64.99609375	1.0	NonTarget	1	16639
65.15234375	1.0	NonTarget	1	16679
65.27734375	1.0	NonTarget	1	16711
65.43359375	1.0	NonTarget	1	16751
65.58984375	1.0	NonTarget	1	16791
65.74609375	1.0	NonTarget	1	16831
65.90234375	1.0	NonTarget	1	16871
66.02734375	1.0	Target	2	16903
66.21484375	1.0	NonTarget	1	16951
66.33984375	1.0	NonTarget	1	16983
66.49609375	1.0	NonTarget	1	17023
66.65234375	1.0	NonTarget	1	17063
66.80859375	1.0	Target	2	17103
66.96484375	1.0	NonTarget	1	17143
67.08984375	1.0	NonTarget	1	17175
67.24609375	1.0	Target	2	17215
67.40234375	1.0	NonTarget	1	17255
67.55859375	1.0	NonTarget	1	17295
67.71484375	1.0	NonTarget	1	17335
67.83984375	1.0	NonTarget	1	17367
67.99609375	1.0	NonTarget	1	17407
68.15234375	1.0	NonTarget	1	17447
68.30859375	1.0	Target	2	17487
68.46484375	1.0	NonTarget	1	17527
68.62109375	1.0	NonTarget	1	17567
68.74609375	1.0	NonTarget	1	17599
68.90234375	1.0	NonTarget	1	17639
69.05859375	1.0	NonTarget	1	17679
69.21484375	1.0	NonTarget	1	17719
69.37109375	1.0	NonTarget	1	17759
69.52734375	1.0	NonTarget	1	17799
69.65234375	1.0	NonTarget	1	17831
69.80859375	1.0	Target	2	17871
69.96484375	1.0	NonTarget	1	17911
70.12109375	1.0	Target	2	17951
70.27734375	1.0	NonTarget	1	17991
70.43359375	1.0	NonTarget	1	18031
70.55859375	1.0	NonTarget	1	18063
70.71484375	1.0	NonTarget	1	18103
70.87109375	1.0	NonTarget	1	18143
71.02734375	1.0	NonTarget	1	18183
71.18359375	1.0	NonTarget	1	18223
71.33984375	1.0	Target	2	18263
71.46484375	1.0	NonTarget	1	18295
71.62109375	1.0	NonTarget	1	18335
71.77734375	1.0	Target	2	18375
71.93359375	1.0	NonTarget	1	18415
72.08984375	1.0	NonTarget	1	18455
72.21484375	1.0	NonTarget	1	18487
72.37109375	1.0	NonTarget	1	18527
72.52734375	1.0	NonTarget	1	18567
72.68359375	1.0	NonTarget	1	18607
72.83984375	1.0	NonTarget	1	18647
72.99609375	1.0	Target	2	18687
73.15234375	1.0	NonTarget	1	18727
73.27734375	1.0	NonTarget	1	18759
73.43359375	1.0	NonTarget	1	18799
73.58984375	1.0	NonTarget	1	18839
73.74609375	1.0	NonTarget	1	18879
73.90234375	1.0	NonTarget	1	18919
74.02734375	1.0	NonTarget	1	18951
74.18359375	1.0	NonTarget	1	18991
74.33984375	1.0	Target	2	19031
74.49609375	1.0	NonTarget	1	19071
74.65234375	1.0	NonTarget	1	19111
74.80859375	1.0	Target	2	19151
74.93359375	1.0	NonTarget	1	19183
75.12109375	1.0	NonTarget	1	19231
75.24609375	1.0	NonTarget	1	19263
75.40234375	1.0	NonTarget	1	19303
75.55859375	1.0	NonTarget	1	19343
75.71484375	1.0	NonTarget	1	19383
75.83984375	1.0	NonTarget	1	19415
76.02734375	1.0	NonTarget	1	19463
76.15234375	1.0	Target	2	19495
76.30859375	1.0	NonTarget	1	19535
76.46484375	1.0	NonTarget	1	19575
76.62109375	1.0	NonTarget	1	19615
76.77734375	1.0	NonTarget	1	19655
76.90234375	1.0	Target	2	19687
77.05859375	1.0	NonTarget	1	19727
77.21484375	1.0	NonTarget	1	19767
77.37109375	1.0	NonTarget	1	19807
77.52734375	1.0	NonTarget	1	19847
77.65234375	1.0	NonTarget	1	19879
77.80859375	1.0	Target	2	19919
77.96484375	1.0	NonTarget	1	19959
78.12109375	1.0	NonTarget	1	19999
78.27734375	1.0	NonTarget	1	20039
78.40234375	1.0	NonTarget	1	20071
78.58984375	1.0	NonTarget	1	20119
78.71484375	1.0	NonTarget	1	20151
78.87109375	1.0	Target	2	20191
79.02734375	1.0	NonTarget	1	20231
79.18359375	1.0	Target	2	20271
79.33984375	1.0	NonTarget	1	20311
79.49609375	1.0	NonTarget	1	20351
79.62109375	1.0	NonTarget	1	20383
79.77734375	1.0	NonTarget	1	20423
79.93359375	1.0	NonTarget	1	20463
90.05859375	1.0	NonTarget	1	23055
90.21484375	1.0	Target	2	23095
90.37109375	1.0	NonTarget	1	23135
90.49609375	1.0	NonTarget	1	23167
90.68359375	1.0	NonTarget	1	23215
90.80859375	1.0	NonTarget	1	23247
90.96484375	1.0	Target	2	23287
91.12109375	1.0	NonTarget	1	23327
91.27734375	1.0	NonTarget	1	23367
91.43359375	1.0	NonTarget	1	23407
91.55859375	1.0	NonTarget	1	23439
91.71484375	1.0	NonTarget	1	23479
91.87109375	1.0	NonTarget	1	23519
92.02734375	1.0	NonTarget	1	23559
92.15234375	1.0	NonTarget	1	23591
92.33984375	1.0	Target	2	23639
92.46484375	1.0	NonTarget	1	23671
92.62109375	1.0	NonTarget	1	23711
92.77734375	1.0	NonTarget	1	23751
92.93359375	1.0	NonTarget	1	23791
93.08984375	1.0	NonTarget	1	23831
93.21484375	1.0	NonTarget	1	23863
93.40234375	1.0	Target	2	23911
93.52734375	1.0	NonTarget	1	23943
93.68359375	1.0	NonTarget	1	23983
93.83984375	1.0	Target	2	24023
93.99609375	1.0	NonTarget	1	24063
94.12109375	1.0	NonTarget	1	24095
94.30859375	1.0	NonTarget	1	24143
94.43359375	1.0	NonTarget	1	24175
94.58984375	1.0	NonTarget	1	24215
94.74609375	1.0	NonTarget	1	24255
94.90234375	1.0	NonTarget	1	24295
95.05859375	1.0	NonTarget	1	24335
95.18359375	1.0	Target	2	24367
95.33984375	1.0	NonTarget	1	24407
95.49609375	1.0	NonTarget	1	24447
95.65234375	1.0	NonTarget	1	24487
95.80859375	1.0	NonTarget	1	24527
95.96484375	1.0	NonTarget	1	24567
96.08984375	1.0	NonTarget	1	24599
96.24609375	1.0	Target	2	24639
96.40234375	1.0	NonTarget	1	24679
96.55859375	1.0	Target	2	24719
96.71484375	1.0	NonTarget	1	24759
96.83984375	1.0	NonTarget	1	24791
97.02734375	1.0	NonTarget	1	24839
97.15234375	1.0	NonTarget	1	24871
97.30859375	1.0	NonTarget	1	24911
97.46484375	1.0	NonTarget	1	24951
97.62109375	1.0	NonTarget	1	24991
97.77734375	1.0	NonTarget	1	25031
97.93359375	1.0	NonTarget	1	25071
98.05859375	1.0	Target	2	25103
98.21484375	1.0	NonTarget	1	25143
98.37109375	1.0	NonTarget	1	25183
98.52734375	1.0	Target	2	25223
98.68359375	1.0	NonTarget	1	25263
98.83984375	1.0	NonTarget	1	25303
98.99609375	1.0	NonTarget	1	25343
99.12109375	1.0	Target	2	25375
99.27734375	1.0	NonTarget	1	25415
99.43359375	1.0	NonTarget	1	25455
99.58984375	1.0	NonTarget	1	25495
99.71484375	1.0	NonTarget	1	25527
99.90234375	1.0	NonTarget	1	25575
100.02734375	1.0	NonTarget	1	25607
100.18359375	1.0	NonTarget	1	25647
100.33984375	1.0	Target	2	25687
100.49609375	1.0	NonTarget	1	25727
100.65234375	1.0	NonTarget	1	25767
100.80859375	1.0	NonTarget	1	25807
100.93359375	1.0	Target	2	25839
101.08984375	1.0	NonTarget	1	25879
101.24609375	1.0	NonTarget	1	25919
101.40234375	1.0	NonTarget	1	25959
101.55859375	1.0	NonTarget	1	25999
101.71484375	1.0	NonTarget	1	26039
101.83984375	1.0	NonTarget	1	26071
101.99609375	1.0	NonTarget	1	26111
102.15234375	1.0	Target	2	26151
102.30859375	1.0	NonTarget	1	26191
102.46484375	1.0	NonTarget	1	26231
102.62109375	1.0	NonTarget	1	26271
102.74609375	1.0	NonTarget	1	26303
102.90234375	1.0	NonTarget	1	26343
103.05859375	1.0	NonTarget	1	26383
103.21484375	1.0	NonTarget	1	26423
103.37109375	1.0	NonTarget	1	26463
103.49609375	1.0	Target	2	26495
103.65234375	1.0	NonTarget	1	26535
103.80859375	1.0	Target	2	26575
103.96484375	1.0	NonTarget	1	26615
104.12109375	1.0	NonTarget	1	26655
104.27734375	1.0	NonTarget	1	26695
104.40234375	1.0	NonTarget	1	26727
104.55859375	1.0	Target	2	26767
104.71484375	1.0	NonTarget	1	26807
104.87109375	1.0	NonTarget	1	26847
105.02734375	1.0	NonTarget	1	26887
105.18359375	1.0	NonTarget	1	26927
105.30859375	1.0	NonTarget	1	26959
105.46484375	1.0	NonTarget	1	26999
105.62109375	1.0	NonTarget	1	27039
105.77734375	1.0	NonTarget	1	27079
105.93359375	1.0	Target	2	27119
106.08984375	1.0	NonTarget	1	27159
106.21484375	1.0	NonTarget	1	27191
106.37109375	1.0	NonTarget	1	27231
106.52734375	1.0	NonTarget	1	27271
106.68359375	1.0	Target	2	27311
106.83984375	1.0	NonTarget	1	27351
106.96484375	1.0	NonTarget	1	27383
107.12109375	1.0	NonTarget	1	27423
107.27734375	1.0	Target	2	27463
107.43359375	1.0	NonTarget	1	27503
107.58984375	1.0	NonTarget	1	27543
107.74609375	1.0	NonTarget	1	27583
107.90234375	1.0	NonTarget	1	27623
108.02734375	1.0	NonTarget	1	27655
108.18359375	1.0	NonTarget	1	27695
108.33984375	1.0	NonTarget	1	27735
108.49609375	1.0	NonTarget	1	27775
108.65234375	1.0	NonTarget	1	27815
108.80859375	1.0	Target	2	27855
108.93359375	1.0	NonTarget	1	27887
109.08984375	1.0	NonTarget	1	27927
109.24609375	1.0	NonTarget	1	27967
109.40234375	1.0	NonTarget	1	28007
109.52734375	1.0	NonTarget	1	28039
109.71484375	1.0	NonTarget	1	28087
109.83984375	1.0	Target	2	28119
109.99609375	1.0	NonTarget	1	28159
110.15234375	1.0	NonTarget	1	28199
110.30859375	1.0	NonTarget	1	28239
110.43359375	1.0	NonTarget	1	28271
110.62109375	1.0	NonTarget	1	28319
110.74609375	1.0	Target	2	28351
110.90234375	1.0	NonTarget	1	28391
111.05859375	1.0	Target	2	28431
111.21484375	1.0	NonTarget	1	28471
111.37109375	1.0	NonTarget	1	28511
111.49609375	1.0	NonTarget	1	28543
111.65234375	1.0	NonTarget	1	28583
111.80859375	1.0	NonTarget	1	28623
111.96484375	1.0	NonTarget	1	28663
112.08984375	1.0	NonTarget	1	28695
112.27734375	1.0	NonTarget	1	28743
112.40234375	1.0	NonTarget	1	28775
112.55859375	1.0	Target	2	28815
112.71484375	1.0	NonTarget	1	28855
112.87109375	1.0	Target	2	28895
113.02734375	1.0	NonTarget	1	28935
113.18359375	1.0	NonTarget	1	28975
113.33984375	1.0	NonTarget	1	29015
113.46484375	1.0	NonTarget	1	29047
113.62109375	1.0	NonTarget	1	29087
113.77734375	1.0	NonTarget	1	29127
113.93359375	1.0	NonTarget	1	29167
114.08984375	1.0	Target	2	29207
114.21484375	1.0	NonTarget	1	29239
114.37109375	1.0	NonTarget	1	29279
114.52734375	1.0	NonTarget	1	29319
114.68359375	1.0	Target	2	29359
114.83984375	1.0	NonTarget	1	29399
114.99609375	1.0	NonTarget	1	29439
115.12109375	1.0	NonTarget	1	29471
115.27734375	1.0	NonTarget	1	29511
115.43359375	1.0	NonTarget	1	29551
115.58984375	1.0	NonTarget	1	29591
115.74609375	1.0	NonTarget	1	29631
115.87109375	1.0	Target	2	29663
116.02734375	1.0	NonTarget	1	29703
116.18359375	1.0	NonTarget	1	29743
116.33984375	1.0	NonTarget	1	29783
116.49609375	1.0	NonTarget	1	29823
116.65234375	1.0	NonTarget	1	29863
116.77734375	1.0	NonTarget	1	29895
116.93359375	1.0	NonTarget	1	29935
117.08984375	1.0	Target	2	29975
117.24609375	1.0	NonTarget	1	30015
117.40234375	1.0	NonTarget	1	30055
117.55859375	1.0	NonTarget	1	30095
117.68359375	1.0	NonTarget	1	30127
117.87109375	1.0	Target	2	30175
117.99609375	1.0	NonTarget	1	30207
118.15234375	1.0	NonTarget	1	30247
118.30859375	1.0	NonTarget	1	30287
118.46484375	1.0	NonTarget	1	30327
118.58984375	1.0	Target	2	30359
118.74609375	1.0	NonTarget	1	30399
118.90234375	1.0	NonTarget	1	30439
119.05859375	1.0	NonTarget	1	30479
119.18359375	1.0	NonTarget	1	30511
119.37109375	1.0	NonTarget	1	30559
119.49609375	1.0	NonTarget	1	30591
119.65234375	1.0	Target	2	30631
119.80859375	1.0	NonTarget	1	30671
119.96484375	1.0	NonTarget	1	30711
130.05859375	1.0	NonTarget	1	33295
130.21484375	1.0	Target	2	33335
130.37109375	1.0	NonTarget	1	33375
130.49609375	1.0	NonTarget	1	33407
130.65234375	1.0	NonTarget	1	33447
130.80859375	1.0	NonTarget	1	33487
130.96484375	1.0	NonTarget	1	33527
131.12109375	1.0	NonTarget	1	33567
131.27734375	1.0	Target	2	33607
131.40234375	1.0	NonTarget	1	33639
131.55859375	1.0	NonTarget	1	33679
131.71484375	1.0	NonTarget	1	33719
131.87109375	1.0	NonTarget	1	33759
132.02734375	1.0	NonTarget	1	33799
132.18359375	1.0	NonTarget	1	33839
132.30859375	1.0	NonTarget	1	33871
132.49609375	1.0	NonTarget	1	33919
132.62109375	1.0	Target	2	33951
132.77734375	1.0	NonTarget	1	33991
132.93359375	1.0	NonTarget	1	34031
133.08984375	1.0	NonTarget	1	34071
133.21484375	1.0	NonTarget	1	34103
133.37109375	1.0	NonTarget	1	34143
133.52734375	1.0	Target	2	34183
133.68359375	1.0	NonTarget	1	34223
133.83984375	1.0	NonTarget	1	34263
133.99609375	1.0	Target	2	34303
134.12109375	1.0	NonTarget	1	34335
134.27734375	1.0	NonTarget	1	34375
134.43359375	1.0	NonTarget	1	34415
134.58984375	1.0	NonTarget	1	34455
134.74609375	1.0	NonTarget	1	34495
134.90234375	1.0	NonTarget	1	34535
135.02734375	1.0	Target	2	34567
135.18359375	1.0	NonTarget	1	34607
135.33984375	1.0	NonTarget	1	34647
135.49609375	1.0	NonTarget	1	34687
135.65234375	1.0	NonTarget	1	34727
135.77734375	1.0	NonTarget	1	34759
135.93359375	1.0	NonTarget	1	34799
136.08984375	1.0	NonTarget	1	34839
136.24609375	1.0	Target	2	34879
136.40234375	1.0	NonTarget	1	34919
136.55859375	1.0	NonTarget	1	34959
136.68359375	1.0	NonTarget	1	34991
136.83984375	1.0	NonTarget	1	35031
136.99609375	1.0	NonTarget	1	35071
137.15234375	1.0	Target	2	35111
137.30859375	1.0	NonTarget	1	35151
137.46484375	1.0	Target	2	35191
137.58984375	1.0	NonTarget	1	35223
137.74609375	1.0	NonTarget	1	35263
137.90234375	1.0	NonTarget	1	35303
138.05859375	1.0	NonTarget	1	35343
138.21484375	1.0	NonTarget	1	35383
138.33984375	1.0	NonTarget	1	35415
138.49609375	1.0	Target	2	35455
138.65234375	1.0	NonTarget	1	35495
138.80859375	1.0	NonTarget	1	35535
138.96484375	1.0	NonTarget	1	35575
139.12109375	1.0	NonTarget	1	35615
139.24609375	1.0	Target	2	35647
139.40234375	1.0	NonTarget	1	35687
139.55859375	1.0	NonTarget	1	35727
139.71484375	1.0	NonTarget	1	35767
139.87109375	1.0	NonTarget	1	35807
140.02734375	1.0	NonTarget	1	35847
140.15234375	1.0	NonTarget	1	35879
140.30859375	1.0	NonTarget	1	35919
140.46484375	1.0	NonTarget	1	35959
140.62109375	1.0	NonTarget	1	35999
140.74609375	1.0	Target	2	36031
140.93359375	1.0	NonTarget	1	36079
141.05859375	1.0	NonTarget	1	36111
141.21484375	1.0	Target	2	36151
141.37109375	1.0	NonTarget	1	36191
141.52734375	1.0	NonTarget	1	36231
141.65234375	1.0	NonTarget	1	36263
141.83984375	1.0	NonTarget	1	36311
141.96484375	1.0	NonTarget	1	36343
142.12109375	1.0	Target	2	36383
142.27734375	1.0	NonTarget	1	36423
142.43359375	1.0	NonTarget	1	36463
142.55859375	1.0	NonTarget	1	36495
142.71484375	1.0	NonTarget	1	36535
142.87109375	1.0	NonTarget	1	36575
143.02734375	1.0	NonTarget	1	36615
143.18359375	1.0	NonTarget	1	36655
143.33984375	1.0	Target	2	36695
143.46484375	1.0	NonTarget	1	36727
143.62109375	1.0	NonTarget	1	36767
143.77734375	1.0	Target	2	36807
143.93359375	1.0	NonTarget	1	36847
144.08984375	1.0	NonTarget	1	36887
144.24609375	1.0	NonTarget	1	36927
144.37109375	1.0	NonTarget	1	36959
144.55859375	1.0	Target	2	37007
144.68359375	1.0	NonTarget	1	37039
144.83984375	1.0	NonTarget	1	37079
144.99609375	1.0	NonTarget	1	37119
145.15234375	1.0	NonTarget	1	37159
145.27734375	1.0	NonTarget	1	37191
145.46484375	1.0	NonTarget	1	37239
145.58984375	1.0	NonTarget	1	37271
145.74609375	1.0	NonTarget	1	37311
145.90234375	1.0	NonTarget	1	37351
146.05859375	1.0	Target	2	37391
146.18359375	1.0	NonTarget	1	37423
146.33984375	1.0	NonTarget	1	37463
146.49609375	1.0	NonTarget	1	37503
146.65234375	1.0	NonTarget	1	37543
146.77734375	1.0	Target	2	37575
146.96484375	1.0	NonTarget	1	37623
147.12109375	1.0	NonTarget	1	37663
147.24609375	1.0	NonTarget	1	37695
147.40234375	1.0	NonTarget	1	37735
147.55859375	1.0	NonTarget	1	37775
147.71484375	1.0	Target	2	37815
147.87109375	1.0	NonTarget	1	37855
147.99609375	1.0	NonTarget	1	37887
148.15234375	1.0	Target	2	37927
148.30859375	1.0	NonTarget	1	37967
148.46484375	1.0	NonTarget	1	38007
148.58984375	1.0	NonTarget	1	38039
148.77734375	1.0	NonTarget	1	38087
148.90234375	1.0	NonTarget	1	38119
149.05859375	1.0	NonTarget	1	38159
149.21484375	1.0	NonTarget	1	38199
149.37109375	1.0	Target	2	38239
149.52734375	1.0	NonTarget	1	38279
149.65234375	1.0	NonTarget	1	38311
149.80859375	1.0	NonTarget	1	38351
149.96484375	1.0	NonTarget	1	38391
150.12109375	1.0	NonTarget	1	38431
150.27734375	1.0	NonTarget	1	38471
150.43359375	1.0	Target	2	38511
150.55859375	1.0	NonTarget	1	38543
150.71484375	1.0	NonTarget	1	38583
150.87109375	1.0	Target	2	38623
151.02734375	1.0	NonTarget	1	38663
151.15234375	1.0	NonTarget	1	38695
151.33984375	1.0	NonTarget	1	38743
151.46484375	1.0	NonTarget	1	38775
151.62109375	1.0	NonTarget	1	38815
151.77734375	1.0	Target	2	38855
151.93359375	1.0	NonTarget	1	38895
152.05859375	1.0	NonTarget	1	38927
152.24609375	1.0	NonTarget	1	38975
152.37109375	1.0	NonTarget	1	39007
152.52734375	1.0	NonTarget	1	39047
152.68359375	1.0	NonTarget	1	39087
152.83984375	1.0	NonTarget	1	39127
152.96484375	1.0	NonTarget	1	39159
153.15234375	1.0	NonTarget	1	39207
153.27734375	1.0	Target	2	39239
153.43359375	1.0	NonTarget	1	39279
153.58984375	1.0	NonTarget	1	39319
153.74609375	1.0	Target	2	39359
153.90234375	1.0	NonTarget	1	39399
154.02734375	1.0	NonTarget	1	39431
154.18359375	1.0	NonTarget	1	39471
154.33984375	1.0	NonTarget	1	39511
154.49609375	1.0	NonTarget	1	39551
154.65234375	1.0	NonTarget	1	39591
154.80859375	1.0	NonTarget	1	39631
154.93359375	1.0	NonTarget	1	39663
155.08984375	1.0	NonTarget	1	39703
155.24609375	1.0	Target	2	39743
155.40234375	1.0	NonTarget	1	39783
155.55859375	1.0	NonTarget	1	39823
155.71484375	1.0	Target	2	39863
155.83984375	1.0	NonTarget	1	39895
155.99609375	1.0	NonTarget	1	39935
156.15234375	1.0	NonTarget	1	39975
156.30859375	1.0	NonTarget	1	40015
156.46484375	1.0	NonTarget	1	40055
156.62109375	1.0	NonTarget	1	40095
156.74609375	1.0	NonTarget	1	40127
156.90234375	1.0	Target	2	40167
157.05859375	1.0	NonTarget	1	40207
157.21484375	1.0	NonTarget	1	40247
157.37109375	1.0	NonTarget	1	40287
157.52734375	1.0	NonTarget	1	40327
157.65234375	1.0	Target	2	40359
157.80859375	1.0	NonTarget	1	40399
157.96484375	1.0	NonTarget	1	40439
158.12109375	1.0	NonTarget	1	40479
158.27734375	1.0	NonTarget	1	40519
158.43359375	1.0	NonTarget	1	40559
158.55859375	1.0	NonTarget	1	40591
158.71484375	1.0	NonTarget	1	40631
158.87109375	1.0	Target	2	40671
159.02734375	1.0	NonTarget	1	40711
159.18359375	1.0	NonTarget	1	40751
159.30859375	1.0	NonTarget	1	40783
159.46484375	1.0	Target	2	40823
159.62109375	1.0	NonTarget	1	40863
159.77734375	1.0	NonTarget	1	40903
159.93359375	1.0	NonTarget	1	40943
170.18359375	1.0	NonTarget	1	43567
170.33984375	1.0	NonTarget	1	43607
170.49609375	1.0	NonTarget	1	43647
170.62109375	1.0	NonTarget	1	43679
170.77734375	1.0	Target	2	43719
170.93359375	1.0	NonTarget	1	43759
171.08984375	1.0	NonTarget	1	43799
171.24609375	1.0	NonTarget	1	43839
171.40234375	1.0	NonTarget	1	43879
171.52734375	1.0	NonTarget	1	43911
171.68359375	1.0	Target	2	43951
171.83984375	1.0	NonTarget	1	43991
171.99609375	1.0	NonTarget	1	44031
172.15234375	1.0	NonTarget	1	44071
172.27734375	1.0	NonTarget	1	44103
172.43359375	1.0	NonTarget	1	44143
172.58984375	1.0	Target	2	44183
172.74609375	1.0	NonTarget	1	44223
172.90234375	1.0	NonTarget	1	44263
173.05859375	1.0	NonTarget	1	44303
173.18359375	1.0	Target	2	44335
173.37109375	1.0	NonTarget	1	44383
173.49609375	1.0	NonTarget	1	44415
173.65234375	1.0	Target	2	44455
173.80859375	1.0	NonTarget	1	44495
173.96484375	1.0	NonTarget	1	44535
174.08984375	1.0	NonTarget	1	44567
174.27734375	1.0	NonTarget	1	44615
174.40234375	1.0	NonTarget	1	44647
174.55859375	1.0	NonTarget	1	44687
174.71484375	1.0	NonTarget	1	44727
174.87109375	1.0	NonTarget	1	44767
174.99609375	1.0	Target	2	44799
175.15234375	1.0	NonTarget	1	44839
175.30859375	1.0	NonTarget	1	44879
175.46484375	1.0	Target	2	44919
175.62109375	1.0	NonTarget	1	44959
175.77734375	1.0	NonTarget	1	44999
175.90234375	1.0	NonTarget	1	45031
176.08984375	1.0	NonTarget	1	45079
176.21484375	1.0	NonTarget	1	45111
176.37109375	1.0	NonTarget	1	45151
176.52734375	1.0	NonTarget	1	45191
176.68359375	1.0	NonTarget	1	45231
176.80859375	1.0	NonTarget	1	45263
176.99609375	1.0	Target	2	45311
177.12109375	1.0	NonTarget	1	45343
177.27734375	1.0	NonTarget	1	45383
177.43359375	1.0	NonTarget	1	45423
177.55859375	1.0	NonTarget	1	45455
177.71484375	1.0	NonTarget	1	45495
177.87109375	1.0	NonTarget	1	45535
178.02734375	1.0	Target	2	45575
178.18359375	1.0	NonTarget	1	45615
178.33984375	1.0	Target	2	45655
178.46484375	1.0	NonTarget	1	45687
178.62109375	1.0	NonTarget	1	45727
178.77734375	1.0	NonTarget	1	45767
178.93359375	1.0	NonTarget	1	45807
179.08984375	1.0	Target	2	45847
179.24609375	1.0	NonTarget	1	45887
179.37109375	1.0	NonTarget	1	45919
179.52734375	1.0	NonTarget	1	45959
179.68359375	1.0	NonTarget	1	45999
179.83984375	1.0	NonTarget	1	46039
179.99609375	1.0	NonTarget	1	46079
180.15234375	1.0	NonTarget	1	46119
180.27734375	1.0	NonTarget	1	46151
180.43359375	1.0	Target	2	46191
180.58984375	1.0	NonTarget	1	46231
180.74609375	1.0	NonTarget	1	46271
180.90234375	1.0	NonTarget	1	46311
181.02734375	1.0	Target	2	46343
181.21484375	1.0	NonTarget	1	46391
181.33984375	1.0	NonTarget	1	46423
181.49609375	1.0	NonTarget	1	46463
181.65234375	1.0	NonTarget	1	46503
181.80859375	1.0	Target	2	46543
181.93359375	1.0	NonTarget	1	46575
182.12109375	1.0	NonTarget	1	46623
182.24609375	1.0	NonTarget	1	46655
182.40234375	1.0	NonTarget	1	46695
182.55859375	1.0	NonTarget	1	46735
182.71484375	1.0	NonTarget	1	46775
182.83984375	1.0	NonTarget	1	46807
182.99609375	1.0	NonTarget	1	46847
183.15234375	1.0	Target	2	46887
183.30859375	1.0	NonTarget	1	46927
183.46484375	1.0	NonTarget	1	46967
183.62109375	1.0	Target	2	47007
183.77734375	1.0	NonTarget	1	47047
183.90234375	1.0	NonTarget	1	47079
184.05859375	1.0	NonTarget	1	47119
184.21484375	1.0	NonTarget	1	47159
184.37109375	1.0	NonTarget	1	47199
184.49609375	1.0	NonTarget	1	47231
184.68359375	1.0	NonTarget	1	47279
184.80859375	1.0	Target	2	47311
184.96484375	1.0	NonTarget	1	47351
185.12109375	1.0	NonTarget	1	47391
185.27734375	1.0	NonTarget	1	47431
185.43359375	1.0	NonTarget	1	47471
185.55859375	1.0	Target	2	47503
185.74609375	1.0	NonTarget	1	47551
185.87109375	1.0	NonTarget	1	47583
186.02734375	1.0	NonTarget	1	47623
186.18359375	1.0	NonTarget	1	47663
186.33984375	1.0	NonTarget	1	47703
186.49609375	1.0	NonTarget	1	47743
186.62109375	1.0	NonTarget	1	47775
186.77734375	1.0	NonTarget	1	47815
186.93359375	1.0	NonTarget	1	47855
187.08984375	1.0	Target	2	47895
187.24609375	1.0	NonTarget	1	47935
187.40234375	1.0	Target	2	47975
187.52734375	1.0	NonTarget	1	48007
187.68359375	1.0	NonTarget	1	48047
187.83984375	1.0	NonTarget	1	48087
187.99609375	1.0	NonTarget	1	48127
188.15234375	1.0	Target	2	48167
188.27734375	1.0	NonTarget	1	48199
188.46484375	1.0	NonTarget	1	48247
188.58984375	1.0	NonTarget	1	48279
188.74609375	1.0	NonTarget	1	48319
188.90234375	1.0	NonTarget	1	48359
189.05859375	1.0	NonTarget	1	48399
189.21484375	1.0	NonTarget	1	48439
189.33984375	1.0	NonTarget	1	48471
189.49609375	1.0	Target	2	48511
189.65234375	1.0	NonTarget	1	48551
189.80859375	1.0	NonTarget	1	48591
189.96484375	1.0	NonTarget	1	48631
190.08984375	1.0	NonTarget	1	48663
190.27734375	1.0	NonTarget	1	48711
190.40234375	1.0	Target	2	48743
190.55859375	1.0	NonTarget	1	48783
190.71484375	1.0	NonTarget	1	48823
190.87109375	1.0	NonTarget	1	48863
190.99609375	1.0	NonTarget	1	48895
191.15234375	1.0	Target	2	48935
191.30859375	1.0	NonTarget	1	48975
191.46484375	1.0	NonTarget	1	49015
191.62109375	1.0	NonTarget	1	49055
191.77734375	1.0	Target	2	49095
191.93359375	1.0	NonTarget	1	49135
192.05859375	1.0	NonTarget	1	49167
192.21484375	1.0	NonTarget	1	49207
192.37109375	1.0	NonTarget	1	49247
192.52734375	1.0	NonTarget	1	49287
192.68359375	1.0	NonTarget	1	49327
192.83984375	1.0	NonTarget	1	49367
192.96484375	1.0	Target	2	49399
193.15234375	1.0	NonTarget	1	49447
193.27734375	1.0	NonTarget	1	49479
193.43359375	1.0	NonTarget	1	49519
193.58984375	1.0	NonTarget	1	49559
193.74609375	1.0	NonTarget	1	49599
193.90234375	1.0	NonTarget	1	49639
194.02734375	1.0	NonTarget	1	49671
194.18359375	1.0	Target	2	49711
194.33984375	1.0	NonTarget	1	49751
194.49609375	1.0	NonTarget	1	49791
194.62109375	1.0	NonTarget	1	49823
194.80859375	1.0	NonTarget	1	49871
194.93359375	1.0	NonTarget	1	49903
195.08984375	1.0	NonTarget	1	49943
195.24609375	1.0	Target	2	49983
195.40234375	1.0	NonTarget	1	50023
195.55859375	1.0	NonTarget	1	50063
195.71484375	1.0	NonTarget	1	50103
195.83984375	1.0	NonTarget	1	50135
195.99609375	1.0	Target	2	50175
196.15234375	1.0	NonTarget	1	50215
196.30859375	1.0	Target	2	50255
196.46484375	1.0	NonTarget	1	50295
196.62109375	1.0	NonTarget	1	50335
196.77734375	1.0	NonTarget	1	50375
196.90234375	1.0	NonTarget	1	50407
197.05859375	1.0	NonTarget	1	50447
197.21484375	1.0	NonTarget	1	50487
197.37109375	1.0	NonTarget	1	50527
197.52734375	1.0	NonTarget	1	50567
197.68359375	1.0	NonTarget	1	50607
197.83984375	1.0	NonTarget	1	50647
197.96484375	1.0	Target	2	50679
198.12109375	1.0	NonTarget	1	50719
198.27734375	1.0	NonTarget	1	50759
198.43359375	1.0	NonTarget	1	50799
198.55859375	1.0	Target	2	50831
198.74609375	1.0	NonTarget	1	50879
198.87109375	1.0	NonTarget	1	50911
199.02734375	1.0	NonTarget	1	50951
199.18359375	1.0	Target	2	50991
199.33984375	1.0	NonTarget	1	51031
199.46484375	1.0	NonTarget	1	51063
199.65234375	1.0	NonTarget	1	51111
199.77734375	1.0	NonTarget	1	51143
199.93359375	1.0	NonTarget	1	51183
210.05859375	1.0	NonTarget	1	53775
210.21484375	1.0	NonTarget	1	53815
210.37109375	1.0	Target	2	53855
210.52734375	1.0	NonTarget	1	53895
210.65234375	1.0	NonTarget	1	53927
210.80859375	1.0	NonTarget	1	53967
210.96484375	1.0	NonTarget	1	54007
211.12109375	1.0	NonTarget	1	54047
211.27734375	1.0	NonTarget	1	54087
211.43359375	1.0	Target	2	54127
211.55859375	1.0	NonTarget	1	54159
211.71484375	1.0	NonTarget	1	54199
211.87109375	1.0	Target	2	54239
212.02734375	1.0	NonTarget	1	54279
212.18359375	1.0	NonTarget	1	54319
212.33984375	1.0	NonTarget	1	54359
212.46484375	1.0	NonTarget	1	54391
212.62109375	1.0	NonTarget	1	54431
212.77734375	1.0	NonTarget	1	54471
212.93359375	1.0	NonTarget	1	54511
213.08984375	1.0	NonTarget	1	54551
213.24609375	1.0	NonTarget	1	54591
213.37109375	1.0	Target	2	54623
213.52734375	1.0	NonTarget	1	54663
213.68359375	1.0	NonTarget	1	54703
213.83984375	1.0	Target	2	54743
213.96484375	1.0	NonTarget	1	54775
214.15234375	1.0	NonTarget	1	54823
214.27734375	1.0	NonTarget	1	54855
214.43359375	1.0	NonTarget	1	54895
214.58984375	1.0	NonTarget	1	54935
214.74609375	1.0	NonTarget	1	54975
214.90234375	1.0	Target	2	55015
215.05859375	1.0	NonTarget	1	55055
215.18359375	1.0	NonTarget	1	55087
215.33984375	1.0	NonTarget	1	55127
215.49609375	1.0	Target	2	55167
215.65234375	1.0	NonTarget	1	55207
215.80859375	1.0	NonTarget	1	55247
215.96484375	1.0	NonTarget	1	55287
216.08984375	1.0	NonTarget	1	55319
216.27734375	1.0	NonTarget	1	55367
216.40234375	1.0	NonTarget	1	55399
216.55859375	1.0	NonTarget	1	55439
216.71484375	1.0	NonTarget	1	55479
216.87109375	1.0	Target	2	55519
216.99609375	1.0	NonTarget	1	55551
217.15234375	1.0	NonTarget	1	55591
217.30859375	1.0	NonTarget	1	55631
217.46484375	1.0	NonTarget	1	55671
217.62109375	1.0	NonTarget	1	55711
217.77734375	1.0	Target	2	55751
217.90234375	1.0	NonTarget	1	55783
218.05859375	1.0	NonTarget	1	55823
218.21484375	1.0	Target	2	55863
218.37109375	1.0	NonTarget	1	55903
218.52734375	1.0	NonTarget	1	55943
218.65234375	1.0	NonTarget	1	55975
218.80859375	1.0	NonTarget	1	56015
218.96484375	1.0	NonTarget	1	56055
219.12109375	1.0	NonTarget	1	56095
219.27734375	1.0	Target	2	56135
219.43359375	1.0	NonTarget	1	56175
219.55859375	1.0	NonTarget	1	56207
219.71484375	1.0	NonTarget	1	56247
219.87109375	1.0	NonTarget	1	56287
220.02734375	1.0	NonTarget	1	56327
220.18359375	1.0	Target	2	56367
220.33984375	1.0	NonTarget	1	56407
220.46484375	1.0	NonTarget	1	56439
220.65234375	1.0	NonTarget	1	56487
220.77734375	1.0	NonTarget	1	56519
220.93359375	1.0	NonTarget	1	56559
221.08984375	1.0	NonTarget	1	56599
221.24609375	1.0	NonTarget	1	56639
221.40234375	1.0	NonTarget	1	56679
221.52734375	1.0	Target	2	56711
221.68359375	1.0	NonTarget	1	56751
221.83984375	1.0	NonTarget	1	56791
221.99609375	1.0	NonTarget	1	56831
222.15234375	1.0	NonTarget	1	56871
222.30859375	1.0	NonTarget	1	56911
222.43359375	1.0	Target	2	56943
222.58984375	1.0	NonTarget	1	56983
222.74609375	1.0	Target	2	57023
222.90234375	1.0	NonTarget	1	57063
223.05859375	1.0	NonTarget	1	57103
223.18359375	1.0	NonTarget	1	57135
223.33984375	1.0	NonTarget	1	57175
223.49609375	1.0	NonTarget	1	57215
223.65234375	1.0	NonTarget	1	57255
223.80859375	1.0	NonTarget	1	57295
223.96484375	1.0	Target	2	57335
224.12109375	1.0	NonTarget	1	57375
224.24609375	1.0	NonTarget	1	57407
224.40234375	1.0	NonTarget	1	57447
224.55859375	1.0	Target	2	57487
224.71484375	1.0	NonTarget	1	57527
224.87109375	1.0	NonTarget	1	57567
224.99609375	1.0	NonTarget	1	57599
225.15234375	1.0	NonTarget	1	57639
225.30859375	1.0	NonTarget	1	57679
225.46484375	1.0	NonTarget	1	57719
225.62109375	1.0	NonTarget	1	57759
225.74609375	1.0	NonTarget	1	57791
225.93359375	1.0	NonTarget	1	57839
226.05859375	1.0	NonTarget	1	57871
226.21484375	1.0	Target	2	57911
226.37109375	1.0	NonTarget	1	57951
226.52734375	1.0	NonTarget	1	57991
226.68359375	1.0	Target	2	58031
226.80859375	1.0	NonTarget	1	58063
226.96484375	1.0	NonTarget	1	58103
227.12109375	1.0	NonTarget	1	58143
227.27734375	1.0	Target	2	58183
227.43359375	1.0	NonTarget	1	58223
227.55859375	1.0	NonTarget	1	58255
227.71484375	1.0	NonTarget	1	58295
227.87109375	1.0	NonTarget	1	58335
228.02734375	1.0	NonTarget	1	58375
228.18359375	1.0	NonTarget	1	58415
228.30859375	1.0	Target	2	58447
228.49609375	1.0	NonTarget	1	58495
228.62109375	1.0	NonTarget	1	58527
228.77734375	1.0	NonTarget	1	58567
228.93359375	1.0	NonTarget	1	58607
229.08984375	1.0	NonTarget	1	58647
229.24609375	1.0	NonTarget	1	58687
229.37109375	1.0	NonTarget	1	58719
229.52734375	1.0	Target	2	58759
229.68359375	1.0	NonTarget	1	58799
229.83984375	1.0	NonTarget	1	58839
229.99609375	1.0	NonTarget	1	58879
230.12109375	1.0	NonTarget	1	58911
230.27734375	1.0	NonTarget	1	58951
230.43359375	1.0	NonTarget	1	58991
230.58984375	1.0	Target	2	59031
230.74609375	1.0	NonTarget	1	59071
230.90234375	1.0	NonTarget	1	59111
231.02734375	1.0	Target	2	59143
231.18359375	1.0	NonTarget	1	59183
231.33984375	1.0	NonTarget	1	59223
231.49609375	1.0	NonTarget	1	59263
231.65234375	1.0	NonTarget	1	59303
231.80859375	1.0	NonTarget	1	59343
231.93359375	1.0	Target	2	59375
232.08984375	1.0	NonTarget	1	59415
232.24609375	1.0	NonTarget	1	59455
232.40234375	1.0	NonTarget	1	59495
232.55859375	1.0	NonTarget	1	59535
232.71484375	1.0	NonTarget	1	59575
232.87109375	1.0	NonTarget	1	59615
232.99609375	1.0	NonTarget	1	59647
233.15234375	1.0	Target	2	59687
233.30859375	1.0	NonTarget	1	59727
233.46484375	1.0	NonTarget	1	59767
233.62109375	1.0	NonTarget	1	59807
233.77734375	1.0	NonTarget	1	59847
233.90234375	1.0	Target	2	59879
234.05859375	1.0	NonTarget	1	59919
234.21484375	1.0	NonTarget	1	59959
234.37109375	1.0	NonTarget	1	59999
234.52734375	1.0	NonTarget	1	60039
234.65234375	1.0	NonTarget	1	60071
234.83984375	1.0	Target	2	60119
234.96484375	1.0	NonTarget	1	60151
235.12109375	1.0	NonTarget	1	60191
235.27734375	1.0	NonTarget	1	60231
235.43359375	1.0	NonTarget	1	60271
235.58984375	1.0	NonTarget	1	60311
235.74609375	1.0	NonTarget	1	60351
235.87109375	1.0	NonTarget	1	60383
236.02734375	1.0	NonTarget	1	60423
236.18359375	1.0	Target	2	60463
236.33984375	1.0	NonTarget	1	60503
236.49609375	1.0	NonTarget	1	60543
236.62109375	1.0	NonTarget	1	60575
236.77734375	1.0	NonTarget	1	60615
236.93359375	1.0	NonTarget	1	60655
237.08984375	1.0	Target	2	60695
237.24609375	1.0	NonTarget	1	60735
237.40234375	1.0	NonTarget	1	60775
237.52734375	1.0	NonTarget	1	60807
237.71484375	1.0	Target	2	60855
237.83984375	1.0	NonTarget	1	60887
237.99609375	1.0	NonTarget	1	60927
238.15234375	1.0	NonTarget	1	60967
238.30859375	1.0	NonTarget	1	61007
238.46484375	1.0	NonTarget	1	61047
238.62109375	1.0	NonTarget	1	61087
238.74609375	1.0	Target	2	61119
238.90234375	1.0	NonTarget	1	61159
239.05859375	1.0	NonTarget	1	61199
239.21484375	1.0	NonTarget	1	61239
239.37109375	1.0	NonTarget	1	61279
239.49609375	1.0	NonTarget	1	61311
239.68359375	1.0	Target	2	61359
239.80859375	1.0	NonTarget	1	61391
239.96484375	1.0	NonTarget	1	61431
250.05859375	1.0	NonTarget	1	64015
250.21484375	1.0	NonTarget	1	64055
250.37109375	1.0	NonTarget	1	64095
250.52734375	1.0	NonTarget	1	64135
250.65234375	1.0	Target	2	64167
250.80859375	1.0	NonTarget	1	64207
250.96484375	1.0	NonTarget	1	64247
251.12109375	1.0	NonTarget	1	64287
251.27734375	1.0	NonTarget	1	64327
251.43359375	1.0	Target	2	64367
251.55859375	1.0	NonTarget	1	64399
251.71484375	1.0	NonTarget	1	64439
251.87109375	1.0	Target	2	64479
252.02734375	1.0	NonTarget	1	64519
252.15234375	1.0	NonTarget	1	64551
252.33984375	1.0	NonTarget	1	64599
252.46484375	1.0	NonTarget	1	64631
252.62109375	1.0	NonTarget	1	64671
252.77734375	1.0	NonTarget	1	64711
252.93359375	1.0	NonTarget	1	64751
253.08984375	1.0	Target	2	64791
253.21484375	1.0	NonTarget	1	64823
253.40234375	1.0	NonTarget	1	64871
253.52734375	1.0	NonTarget	1	64903
253.68359375	1.0	NonTarget	1	64943
253.83984375	1.0	Target	2	64983
253.99609375	1.0	NonTarget	1	65023
254.15234375	1.0	NonTarget	1	65063
254.27734375	1.0	NonTarget	1	65095
254.43359375	1.0	NonTarget	1	65135
254.58984375	1.0	NonTarget	1	65175
254.74609375	1.0	NonTarget	1	65215
254.90234375	1.0	Target	2	65255
255.05859375	1.0	NonTarget	1	65295
255.18359375	1.0	NonTarget	1	65327
255.33984375	1.0	NonTarget	1	65367
255.49609375	1.0	NonTarget	1	65407
255.65234375	1.0	Target	2	65447
255.80859375	1.0	NonTarget	1	65487
255.96484375	1.0	NonTarget	1	65527
256.12109375	1.0	NonTarget	1	65567
256.24609375	1.0	NonTarget	1	65599
256.40234375	1.0	NonTarget	1	65639
256.55859375	1.0	NonTarget	1	65679
256.71484375	1.0	NonTarget	1	65719
256.87109375	1.0	Target	2	65759
257.02734375	1.0	NonTarget	1	65799
257.15234375	1.0	NonTarget	1	65831
257.30859375	1.0	NonTarget	1	65871
257.46484375	1.0	NonTarget	1	65911
257.62109375	1.0	Target	2	65951
257.74609375	1.0	NonTarget	1	65983
257.93359375	1.0	NonTarget	1	66031
258.05859375	1.0	NonTarget	1	66063
258.21484375	1.0	NonTarget	1	66103
258.37109375	1.0	NonTarget	1	66143
258.52734375	1.0	NonTarget	1	66183
258.65234375	1.0	Target	2	66215
258.83984375	1.0	NonTarget	1	66263
258.96484375	1.0	NonTarget	1	66295
259.12109375	1.0	NonTarget	1	66335
259.27734375	1.0	NonTarget	1	66375
259.43359375	1.0	NonTarget	1	66415
259.58984375	1.0	NonTarget	1	66455
259.71484375	1.0	NonTarget	1	66487
259.87109375	1.0	Target	2	66527
260.02734375	1.0	NonTarget	1	66567
260.18359375	1.0	NonTarget	1	66607
260.33984375	1.0	NonTarget	1	66647
260.49609375	1.0	NonTarget	1	66687
260.65234375	1.0	NonTarget	1	66727
260.77734375	1.0	Target	2	66759
260.93359375	1.0	NonTarget	1	66799
261.08984375	1.0	NonTarget	1	66839
261.24609375	1.0	NonTarget	1	66879
261.37109375	1.0	NonTarget	1	66911
261.55859375	1.0	Target	2	66959
261.68359375	1.0	NonTarget	1	66991
261.83984375	1.0	Target	2	67031
261.99609375	1.0	NonTarget	1	67071
262.15234375	1.0	NonTarget	1	67111
262.27734375	1.0	NonTarget	1	67143
262.46484375	1.0	NonTarget	1	67191
262.62109375	1.0	NonTarget	1	67231
262.74609375	1.0	NonTarget	1	67263
262.90234375	1.0	NonTarget	1	67303
263.05859375	1.0	NonTarget	1	67343
263.21484375	1.0	NonTarget	1	67383
263.33984375	1.0	Target	2	67415
263.49609375	1.0	NonTarget	1	67455
263.65234375	1.0	NonTarget	1	67495
263.80859375	1.0	NonTarget	1	67535
263.96484375	1.0	NonTarget	1	67575
264.12109375	1.0	Target	2	67615
264.24609375	1.0	NonTarget	1	67647
264.40234375	1.0	NonTarget	1	67687
264.55859375	1.0	Target	2	67727
264.71484375	1.0	NonTarget	1	67767
264.87109375	1.0	NonTarget	1	67807
265.02734375	1.0	NonTarget	1	67847
265.15234375	1.0	NonTarget	1	67879
265.30859375	1.0	NonTarget	1	67919
265.46484375	1.0	NonTarget	1	67959
265.62109375	1.0	NonTarget	1	67999
265.77734375	1.0	NonTarget	1	68039
265.93359375	1.0	Target	2	68079
266.08984375	1.0	NonTarget	1	68119
266.21484375	1.0	NonTarget	1	68151
266.37109375	1.0	Target	2	68191
266.52734375	1.0	NonTarget	1	68231
266.68359375	1.0	NonTarget	1	68271
266.83984375	1.0	NonTarget	1	68311
266.96484375	1.0	NonTarget	1	68343
267.12109375	1.0	NonTarget	1	68383
267.27734375	1.0	NonTarget	1	68423
267.43359375	1.0	Target	2	68463
267.58984375	1.0	NonTarget	1	68503
267.71484375	1.0	NonTarget	1	68535
267.87109375	1.0	NonTarget	1	68575
268.02734375	1.0	NonTarget	1	68615
268.18359375	1.0	Target	2	68655
268.33984375	1.0	NonTarget	1	68695
268.49609375	1.0	NonTarget	1	68735
268.62109375	1.0	NonTarget	1	68767
268.80859375	1.0	NonTarget	1	68815
268.93359375	1.0	NonTarget	1	68847
269.08984375	1.0	NonTarget	1	68887
269.24609375	1.0	NonTarget	1	68927
269.40234375	1.0	NonTarget	1	68967
269.52734375	1.0	Target	2	68999
269.68359375	1.0	NonTarget	1	69039
269.83984375	1.0	NonTarget	1	69079
269.99609375	1.0	NonTarget	1	69119
270.15234375	1.0	NonTarget	1	69159
270.30859375	1.0	NonTarget	1	69199
270.43359375	1.0	NonTarget	1	69231
270.58984375	1.0	Target	2	69271
270.74609375	1.0	NonTarget	1	69311
270.90234375	1.0	NonTarget	1	69351
271.05859375	1.0	NonTarget	1	69391
271.21484375	1.0	NonTarget	1	69431
271.33984375	1.0	NonTarget	1	69463
271.49609375	1.0	NonTarget	1	69503
271.65234375	1.0	Target	2	69543
271.80859375	1.0	NonTarget	1	69583
271.96484375	1.0	Target	2	69623
272.08984375	1.0	NonTarget	1	69655
272.27734375	1.0	NonTarget	1	69703
272.40234375	1.0	NonTarget	1	69735
272.55859375	1.0	NonTarget	1	69775
272.71484375	1.0	NonTarget	1	69815
272.87109375	1.0	NonTarget	1	69855
273.02734375	1.0	NonTarget	1	69895
273.18359375	1.0	Target	2	69935
273.30859375	1.0	NonTarget	1	69967
273.46484375	1.0	NonTarget	1	70007
273.62109375	1.0	NonTarget	1	70047
273.77734375	1.0	NonTarget	1	70087
273.90234375	1.0	NonTarget	1	70119
274.08984375	1.0	NonTarget	1	70167
274.21484375	1.0	Target	2	70199
274.37109375	1.0	NonTarget	1	70239
274.52734375	1.0	NonTarget	1	70279
274.68359375	1.0	NonTarget	1	70319
274.83984375	1.0	NonTarget	1	70359
274.96484375	1.0	Target	2	70391
275.12109375	1.0	NonTarget	1	70431
275.27734375	1.0	NonTarget	1	70471
275.43359375	1.0	NonTarget	1	70511
275.58984375	1.0	NonTarget	1	70551
275.74609375	1.0	NonTarget	1	70591
275.87109375	1.0	Target	2	70623
276.02734375	1.0	NonTarget	1	70663
276.18359375	1.0	NonTarget	1	70703
276.33984375	1.0	NonTarget	1	70743
276.49609375	1.0	NonTarget	1	70783
276.65234375	1.0	NonTarget	1	70823
276.77734375	1.0	NonTarget	1	70855
276.93359375	1.0	Target	2	70895
277.08984375	1.0	NonTarget	1	70935
277.24609375	1.0	NonTarget	1	70975
277.40234375	1.0	NonTarget	1	71015
277.52734375	1.0	Target	2	71047
277.71484375	1.0	NonTarget	1	71095
277.83984375	1.0	NonTarget	1	71127
277.99609375	1.0	NonTarget	1	71167
278.15234375	1.0	NonTarget	1	71207
278.30859375	1.0	NonTarget	1	71247
278.46484375	1.0	Target	2	71287
278.58984375	1.0	NonTarget	1	71319
278.74609375	1.0	NonTarget	1	71359
278.90234375	1.0	NonTarget	1	71399
279.05859375	1.0	NonTarget	1	71439
279.21484375	1.0	Target	2	71479
279.33984375	1.0	NonTarget	1	71511
279.49609375	1.0	NonTarget	1	71551
279.65234375	1.0	NonTarget	1	71591
279.80859375	1.0	NonTarget	1	71631
279.96484375	1.0	NonTarget	1	71671
290.05859375	1.0	NonTarget	1	74255
290.21484375	1.0	NonTarget	1	74295
290.37109375	1.0	NonTarget	1	74335
290.49609375	1.0	Target	2	74367
290.68359375	1.0	NonTarget	1	74415
290.80859375	1.0	NonTarget	1	74447
290.96484375	1.0	NonTarget	1	74487
291.12109375	1.0	NonTarget	1	74527
291.27734375	1.0	Target	2	74567
291.40234375	1.0	NonTarget	1	74599
291.55859375	1.0	NonTarget	1	74639
291.71484375	1.0	NonTarget	1	74679
291.87109375	1.0	NonTarget	1	74719
292.02734375	1.0	NonTarget	1	74759
292.18359375	1.0	NonTarget	1	74799
292.30859375	1.0	Target	2	74831
292.46484375	1.0	NonTarget	1	74871
292.62109375	1.0	NonTarget	1	74911
292.77734375	1.0	NonTarget	1	74951
292.93359375	1.0	NonTarget	1	74991
293.05859375	1.0	Target	2	75023
293.24609375	1.0	NonTarget	1	75071
293.37109375	1.0	NonTarget	1	75103
293.52734375	1.0	NonTarget	1	75143
293.68359375	1.0	Target	2	75183
293.83984375	1.0	NonTarget	1	75223
293.96484375	1.0	NonTarget	1	75255
294.12109375	1.0	NonTarget	1	75295
294.27734375	1.0	NonTarget	1	75335
294.43359375	1.0	NonTarget	1	75375
294.58984375	1.0	Target	2	75415
294.74609375	1.0	NonTarget	1	75455
294.87109375	1.0	NonTarget	1	75487
295.02734375	1.0	NonTarget	1	75527
295.18359375	1.0	NonTarget	1	75567
295.33984375	1.0	NonTarget	1	75607
295.49609375	1.0	NonTarget	1	75647
295.65234375	1.0	NonTarget	1	75687
295.80859375	1.0	NonTarget	1	75727
295.93359375	1.0	Target	2	75759
296.08984375	1.0	NonTarget	1	75799
296.24609375	1.0	NonTarget	1	75839
296.40234375	1.0	NonTarget	1	75879
296.55859375	1.0	Target	2	75919
296.68359375	1.0	NonTarget	1	75951
296.83984375	1.0	NonTarget	1	75991
296.99609375	1.0	NonTarget	1	76031
297.15234375	1.0	NonTarget	1	76071
297.30859375	1.0	Target	2	76111
297.43359375	1.0	NonTarget	1	76143
297.62109375	1.0	NonTarget	1	76191
297.74609375	1.0	NonTarget	1	76223
297.90234375	1.0	NonTarget	1	76263
298.05859375	1.0	NonTarget	1	76303
298.21484375	1.0	NonTarget	1	76343
298.33984375	1.0	NonTarget	1	76375
298.52734375	1.0	NonTarget	1	76423
298.65234375	1.0	Target	2	76455
298.80859375	1.0	NonTarget	1	76495
298.96484375	1.0	NonTarget	1	76535
299.12109375	1.0	NonTarget	1	76575
299.24609375	1.0	NonTarget	1	76607
299.43359375	1.0	NonTarget	1	76655
299.55859375	1.0	NonTarget	1	76687
299.71484375	1.0	Target	2	76727
299.87109375	1.0	NonTarget	1	76767
300.02734375	1.0	NonTarget	1	76807
300.15234375	1.0	NonTarget	1	76839
300.33984375	1.0	NonTarget	1	76887
300.46484375	1.0	NonTarget	1	76919
300.62109375	1.0	Target	2	76959
300.77734375	1.0	NonTarget	1	76999
300.93359375	1.0	Target	2	77039
301.05859375	1.0	NonTarget	1	77071
301.21484375	1.0	NonTarget	1	77111
301.37109375	1.0	NonTarget	1	77151
301.52734375	1.0	NonTarget	1	77191
301.68359375	1.0	NonTarget	1	77231
301.83984375	1.0	NonTarget	1	77271
301.96484375	1.0	NonTarget	1	77303
302.12109375	1.0	NonTarget	1	77343
302.27734375	1.0	NonTarget	1	77383
302.43359375	1.0	NonTarget	1	77423
302.58984375	1.0	Target	2	77463
302.74609375	1.0	NonTarget	1	77503
302.87109375	1.0	NonTarget	1	77535
303.05859375	1.0	Target	2	77583
303.18359375	1.0	NonTarget	1	77615
303.33984375	1.0	NonTarget	1	77655
303.49609375	1.0	NonTarget	1	77695
303.65234375	1.0	NonTarget	1	77735
303.77734375	1.0	NonTarget	1	77767
303.93359375	1.0	NonTarget	1	77807
304.08984375	1.0	Target	2	77847
304.24609375	1.0	NonTarget	1	77887
304.40234375	1.0	NonTarget	1	77927
304.55859375	1.0	NonTarget	1	77967
304.71484375	1.0	Target	2	78007
304.83984375	1.0	NonTarget	1	78039
304.99609375	1.0	NonTarget	1	78079
305.15234375	1.0	NonTarget	1	78119
305.30859375	1.0	NonTarget	1	78159
305.46484375	1.0	Target	2	78199
305.58984375	1.0	NonTarget	1	78231
305.74609375	1.0	NonTarget	1	78271
305.90234375	1.0	NonTarget	1	78311
306.05859375	1.0	NonTarget	1	78351
306.21484375	1.0	NonTarget	1	78391
306.37109375	1.0	NonTarget	1	78431
306.52734375	1.0	NonTarget	1	78471
306.65234375	1.0	NonTarget	1	78503
306.80859375	1.0	NonTarget	1	78543
306.96484375	1.0	Target	2	78583
307.12109375	1.0	NonTarget	1	78623
307.24609375	1.0	NonTarget	1	78655
307.43359375	1.0	NonTarget	1	78703
307.55859375	1.0	NonTarget	1	78735
307.71484375	1.0	NonTarget	1	78775
307.87109375	1.0	Target	2	78815
308.02734375	1.0	NonTarget	1	78855
308.18359375	1.0	NonTarget	1	78895
308.30859375	1.0	NonTarget	1	78927
308.46484375	1.0	Target	2	78967
308.62109375	1.0	NonTarget	1	79007
308.77734375	1.0	NonTarget	1	79047
308.93359375	1.0	NonTarget	1	79087
309.08984375	1.0	Target	2	79127
309.24609375	1.0	NonTarget	1	79167
309.37109375	1.0	NonTarget	1	79199
309.52734375	1.0	NonTarget	1	79239
309.68359375	1.0	NonTarget	1	79279
309.83984375	1.0	NonTarget	1	79319
309.99609375	1.0	NonTarget	1	79359
310.12109375	1.0	NonTarget	1	79391
310.27734375	1.0	NonTarget	1	79431
310.43359375	1.0	NonTarget	1	79471
310.58984375	1.0	NonTarget	1	79511
310.74609375	1.0	Target	2	79551
310.87109375	1.0	NonTarget	1	79583
311.05859375	1.0	Target	2	79631
311.18359375	1.0	NonTarget	1	79663
311.33984375	1.0	NonTarget	1	79703
311.49609375	1.0	NonTarget	1	79743
311.65234375	1.0	NonTarget	1	79783
311.80859375	1.0	NonTarget	1	79823
311.93359375	1.0	NonTarget	1	79855
312.08984375	1.0	NonTarget	1	79895
312.24609375	1.0	Target	2	79935
312.40234375	1.0	NonTarget	1	79975
312.55859375	1.0	NonTarget	1	80015
312.71484375	1.0	NonTarget	1	80055
312.83984375	1.0	NonTarget	1	80087
312.99609375	1.0	Target	2	80127
313.15234375	1.0	NonTarget	1	80167
313.30859375	1.0	NonTarget	1	80207
313.46484375	1.0	NonTarget	1	80247
313.62109375	1.0	NonTarget	1	80287
313.74609375	1.0	NonTarget	1	80319
313.90234375	1.0	NonTarget	1	80359
314.05859375	1.0	Target	2	80399
314.21484375	1.0	NonTarget	1	80439
314.37109375	1.0	NonTarget	1	80479
314.52734375	1.0	NonTarget	1	80519
314.65234375	1.0	NonTarget	1	80551
314.80859375	1.0	NonTarget	1	80591
314.96484375	1.0	NonTarget	1	80631
315.12109375	1.0	Target	2	80671
315.27734375	1.0	NonTarget	1	80711
315.43359375	1.0	NonTarget	1	80751
315.55859375	1.0	Target	2	80783
315.71484375	1.0	NonTarget	1	80823
315.87109375	1.0	NonTarget	1	80863
316.02734375	1.0	NonTarget	1	80903
316.18359375	1.0	NonTarget	1	80943
316.33984375	1.0	NonTarget	1	80983
316.46484375	1.0	NonTarget	1	81015
316.62109375	1.0	Target	2	81055
316.77734375	1.0	NonTarget	1	81095
316.93359375	1.0	NonTarget	1	81135
317.05859375	1.0	NonTarget	1	81167
317.24609375	1.0	NonTarget	1	81215
317.37109375	1.0	NonTarget	1	81247
317.52734375	1.0	Target	2	81287
317.68359375	1.0	NonTarget	1	81327
317.83984375	1.0	NonTarget	1	81367
317.96484375	1.0	NonTarget	1	81399
318.15234375	1.0	NonTarget	1	81447
318.27734375	1.0	NonTarget	1	81479
318.43359375	1.0	NonTarget	1	81519
318.58984375	1.0	Target	2	81559
318.74609375	1.0	NonTarget	1	81599
318.90234375	1.0	NonTarget	1	81639
319.02734375	1.0	Target	2	81671
319.18359375	1.0	NonTarget	1	81711
319.33984375	1.0	NonTarget	1	81751
319.49609375	1.0	NonTarget	1	81791
319.65234375	1.0	NonTarget	1	81831
319.80859375	1.0	NonTarget	1	81871
319.93359375	1.0	NonTarget	1	81903
330.21484375	1.0	NonTarget	1	84535
330.37109375	1.0	NonTarget	1	84575
330.52734375	1.0	NonTarget	1	84615
330.68359375	1.0	Target	2	84655
330.80859375	1.0	NonTarget	1	84687
330.99609375	1.0	NonTarget	1	84735
331.12109375	1.0	NonTarget	1	84767
331.27734375	1.0	NonTarget	1	84807
331.43359375	1.0	NonTarget	1	84847
331.58984375	1.0	Target	2	84887
331.71484375	1.0	NonTarget	1	84919
331.90234375	1.0	NonTarget	1	84967
332.02734375	1.0	NonTarget	1	84999
332.18359375	1.0	NonTarget	1	85039
332.33984375	1.0	NonTarget	1	85079
332.49609375	1.0	Target	2	85119
332.62109375	1.0	NonTarget	1	85151
332.77734375	1.0	NonTarget	1	85191
332.93359375	1.0	NonTarget	1	85231
333.08984375	1.0	NonTarget	1	85271
333.24609375	1.0	NonTarget	1	85311
333.37109375	1.0	NonTarget	1	85343
333.55859375	1.0	Target	2	85391
333.68359375	1.0	NonTarget	1	85423
333.83984375	1.0	NonTarget	1	85463
333.99609375	1.0	NonTarget	1	85503
334.15234375	1.0	NonTarget	1	85543
334.27734375	1.0	Target	2	85575
334.43359375	1.0	NonTarget	1	85615
334.58984375	1.0	NonTarget	1	85655
334.74609375	1.0	NonTarget	1	85695
334.90234375	1.0	NonTarget	1	85735
335.05859375	1.0	NonTarget	1	85775
335.18359375	1.0	Target	2	85807
335.37109375	1.0	NonTarget	1	85855
335.49609375	1.0	NonTarget	1	85887
335.65234375	1.0	NonTarget	1	85927
335.80859375	1.0	NonTarget	1	85967
335.96484375	1.0	NonTarget	1	86007
336.08984375	1.0	NonTarget	1	86039
336.24609375	1.0	Target	2	86079
336.40234375	1.0	NonTarget	1	86119
336.55859375	1.0	NonTarget	1	86159
336.71484375	1.0	Target	2	86199
336.87109375	1.0	NonTarget	1	86239
337.02734375	1.0	NonTarget	1	86279
337.15234375	1.0	NonTarget	1	86311
337.30859375	1.0	NonTarget	1	86351
337.46484375	1.0	NonTarget	1	86391
337.62109375	1.0	NonTarget	1	86431
337.74609375	1.0	NonTarget	1	86463
337.93359375	1.0	NonTarget	1	86511
338.05859375	1.0	Target	2	86543
338.21484375	1.0	NonTarget	1	86583
338.37109375	1.0	Target	2	86623
338.52734375	1.0	NonTarget	1	86663
338.65234375	1.0	NonTarget	1	86695
338.83984375	1.0	NonTarget	1	86743
338.96484375	1.0	NonTarget	1	86775
339.12109375	1.0	NonTarget	1	86815
339.27734375	1.0	NonTarget	1	86855
339.43359375	1.0	NonTarget	1	86895
339.55859375	1.0	NonTarget	1	86927
339.74609375	1.0	Target	2	86975
339.87109375	1.0	NonTarget	1	87007
340.02734375	1.0	NonTarget	1	87047
340.18359375	1.0	NonTarget	1	87087
340.33984375	1.0	NonTarget	1	87127
340.46484375	1.0	NonTarget	1	87159
340.65234375	1.0	Target	2	87207
340.77734375	1.0	NonTarget	1	87239
340.93359375	1.0	NonTarget	1	87279
341.08984375	1.0	Target	2	87319
341.21484375	1.0	NonTarget	1	87351
341.40234375	1.0	NonTarget	1	87399
341.52734375	1.0	NonTarget	1	87431
341.68359375	1.0	NonTarget	1	87471
341.83984375	1.0	NonTarget	1	87511
341.99609375	1.0	NonTarget	1	87551
342.12109375	1.0	NonTarget	1	87583
342.30859375	1.0	NonTarget	1	87631
342.43359375	1.0	NonTarget	1	87663
342.58984375	1.0	Target	2	87703
342.74609375	1.0	NonTarget	1	87743
342.90234375	1.0	Target	2	87783
343.02734375	1.0	NonTarget	1	87815
343.21484375	1.0	NonTarget	1	87863
343.33984375	1.0	NonTarget	1	87895
343.49609375	1.0	NonTarget	1	87935
343.65234375	1.0	NonTarget	1	87975
343.80859375	1.0	NonTarget	1	88015
343.93359375	1.0	NonTarget	1	88047
344.12109375	1.0	NonTarget	1	88095
344.24609375	1.0	NonTarget	1	88127
344.40234375	1.0	Target	2	88167
344.55859375	1.0	NonTarget	1	88207
344.71484375	1.0	NonTarget	1	88247
344.83984375	1.0	NonTarget	1	88279
344.99609375	1.0	NonTarget	1	88319
345.15234375	1.0	Target	2	88359
345.30859375	1.0	NonTarget	1	88399
345.46484375	1.0	Target	2	88439
345.62109375	1.0	NonTarget	1	88479
345.74609375	1.0	NonTarget	1	88511
345.90234375	1.0	NonTarget	1	88551
346.05859375	1.0	NonTarget	1	88591
346.21484375	1.0	NonTarget	1	88631
346.37109375	1.0	NonTarget	1	88671
346.49609375	1.0	NonTarget	1	88703
346.68359375	1.0	NonTarget	1	88751
346.80859375	1.0	NonTarget	1	88783
346.96484375	1.0	Target	2	88823
347.12109375	1.0	NonTarget	1	88863
347.27734375	1.0	NonTarget	1	88903
347.40234375	1.0	NonTarget	1	88935
347.58984375	1.0	Target	2	88983
347.71484375	1.0	NonTarget	1	89015
347.87109375	1.0	NonTarget	1	89055
348.02734375	1.0	NonTarget	1	89095
348.18359375	1.0	NonTarget	1	89135
348.30859375	1.0	NonTarget	1	89167
348.46484375	1.0	NonTarget	1	89207
348.62109375	1.0	NonTarget	1	89247
348.77734375	1.0	Target	2	89287
348.93359375	1.0	NonTarget	1	89327
349.08984375	1.0	NonTarget	1	89367
349.21484375	1.0	NonTarget	1	89399
349.37109375	1.0	Target	2	89439
349.52734375	1.0	NonTarget	1	89479
349.68359375	1.0	NonTarget	1	89519
349.83984375	1.0	NonTarget	1	89559
349.99609375	1.0	NonTarget	1	89599
350.12109375	1.0	NonTarget	1	89631
350.27734375	1.0	NonTarget	1	89671
350.43359375	1.0	NonTarget	1	89711
350.58984375	1.0	Target	2	89751
350.71484375	1.0	NonTarget	1	89783
350.90234375	1.0	NonTarget	1	89831
351.02734375	1.0	NonTarget	1	89863
351.18359375	1.0	NonTarget	1	89903
351.33984375	1.0	NonTarget	1	89943
351.49609375	1.0	NonTarget	1	89983
351.65234375	1.0	Target	2	90023
351.80859375	1.0	NonTarget	1	90063
351.96484375	1.0	NonTarget	1	90103
352.08984375	1.0	NonTarget	1	90135
352.24609375	1.0	NonTarget	1	90175
352.40234375	1.0	NonTarget	1	90215
352.55859375	1.0	Target	2	90255
352.68359375	1.0	NonTarget	1	90287
352.83984375	1.0	Target	2	90327
352.99609375	1.0	NonTarget	1	90367
353.15234375	1.0	NonTarget	1	90407
353.30859375	1.0	NonTarget	1	90447
353.46484375	1.0	NonTarget	1	90487
353.58984375	1.0	NonTarget	1	90519
353.77734375	1.0	Target	2	90567
353.90234375	1.0	NonTarget	1	90599
354.05859375	1.0	NonTarget	1	90639
354.21484375	1.0	NonTarget	1	90679
354.37109375	1.0	NonTarget	1	90719
354.52734375	1.0	NonTarget	1	90759
354.65234375	1.0	NonTarget	1	90791
354.80859375	1.0	NonTarget	1	90831
354.96484375	1.0	Target	2	90871
355.12109375	1.0	NonTarget	1	90911
355.27734375	1.0	NonTarget	1	90951
355.43359375	1.0	NonTarget	1	90991
355.58984375	1.0	NonTarget	1	91031
355.71484375	1.0	Target	2	91063
355.87109375	1.0	NonTarget	1	91103
356.02734375	1.0	NonTarget	1	91143
356.18359375	1.0	NonTarget	1	91183
356.33984375	1.0	NonTarget	1	91223
356.49609375	1.0	NonTarget	1	91263
356.62109375	1.0	NonTarget	1	91295
356.77734375	1.0	Target	2	91335
356.93359375	1.0	NonTarget	1	91375
357.08984375	1.0	NonTarget	1	91415
357.24609375	1.0	NonTarget	1	91455
357.40234375	1.0	NonTarget	1	91495
357.55859375	1.0	NonTarget	1	91535
357.68359375	1.0	Target	2	91567
357.83984375	1.0	NonTarget	1	91607
357.99609375	1.0	NonTarget	1	91647
358.15234375	1.0	NonTarget	1	91687
358.30859375	1.0	NonTarget	1	91727
358.43359375	1.0	NonTarget	1	91759
358.58984375	1.0	NonTarget	1	91799
358.74609375	1.0	Target	2	91839
358.90234375	1.0	NonTarget	1	91879
359.05859375	1.0	NonTarget	1	91919
359.21484375	1.0	NonTarget	1	91959
359.33984375	1.0	NonTarget	1	91991
359.49609375	1.0	Target	2	92031
359.65234375	1.0	NonTarget	1	92071
359.80859375	1.0	NonTarget	1	92111
359.96484375	1.0	NonTarget	1	92151
